order,title,screen_id,screenshot_url,html_url
01,Claw Code Explorer Panel,bfa7d184500d4bd5b4663f67701a77c8,https://lh3.googleusercontent.com/aida/AOfcidU_X15eZoaZkxXXlgu438wxHYCxWK7RnYLQKrgM-tD6J40P0wh_YSQgpO6GZCWGwyM9itxRegymyeeu41dC6Gjm--XhQvLUHriVSu6JUpg7EHh68xGu1Up1EO9lri6wrAl0KLCMaQs_BVP2x6Kk2dJwyaSK6NS32eVv_EJ_vVCtfiheW07zOc6exClbX3lOrxJezwM_0EFyNwKp95S00fyU2L8Gittlm5Pi18kyAHjwE-RsBZS0XYMObA,https://contribution.usercontent.google.com/download?c=CgthaWRhX2NvZGVmeBJ7Eh1hcHBfY29tcGFuaW9uX2dlbmVyYXRlZF9maWxlcxpaCiVodG1sXzlkNjk0ODI2YzRlOTQ3ODU4ZDg5NjhkMWQ2NWZmZmQ1EgsSBxDzhtX61AUYAZIBIwoKcHJvamVjdF9pZBIVQhMyMzcwOTg0Mjc0MjI3OTE3ODUy&filename=&opi=89354086
02,Claw Code Explorer Panel,7b8f1037be6b49c4bc1daf6c5e60ff0b,https://lh3.googleusercontent.com/aida/AOfcidUeT8GbJZOdTAb34A8xQ0GKl4uqJKy67fgpjerU0F1OkbGWO9pyAM4duPbKA9Fd1bJsim7b8lswtLUcxGwh48VCqHhvoaKMuiGuIEyC3iBKfsum2XsLFJpeycVAZYGBnJw4COecMJjM4w0b05JJeHHmuzRqe6Ol_gwISFeJTL2tOVGit_ekyn-OT4ZznLd0IC_Bi6JgVuThyUnTtTdBP4ChNv8XlFbXqsAE4CBvT3IAZthMpvd7ENovvP0,https://contribution.usercontent.google.com/download?c=CgthaWRhX2NvZGVmeBJ7Eh1hcHBfY29tcGFuaW9uX2dlbmVyYXRlZF9maWxlcxpaCiVodG1sX2UxOGVlYmQ1MjY1NzQwZmViMWVjMTUzOTUyNWZkMjQzEgsSBxDzhtX61AUYAZIBIwoKcHJvamVjdF9pZBIVQhMyMzcwOTg0Mjc0MjI3OTE3ODUy&filename=&opi=89354086
03,Claw Code Explorer Panel,4f0eec4f04444c309e3730d180ad21c4,https://lh3.googleusercontent.com/aida/AOfcidU89-zmJndaxrPcNmLkHuakwnWsECR1cjpv_VZ-3L23oN5ociYanNXwJ4EZ-M-6fcw7wJyS0lOQqT1lB_dAGIMCB32Txnex31lIU4TXslgtNWPiQm965J-cewqlQXGdwfKWPaB3YEo-eOrDFgCboe2wjjc35RocJTmIPv0XibZSpXB2q5N18CWV5VZaCjQTOTwKTh1bI81s2HkrXN6DIYNB061r1uxBih_q3WhtGyO-7Dx2dhZbhfp1feM,https://contribution.usercontent.google.com/download?c=CgthaWRhX2NvZGVmeBJ7Eh1hcHBfY29tcGFuaW9uX2dlbmVyYXRlZF9maWxlcxpaCiVodG1sX2FhYzNjMzRjOGE4ZTQyOTBhNGRmOTc3MmQxNTgwZGMwEgsSBxDzhtX61AUYAZIBIwoKcHJvamVjdF9pZBIVQhMyMzcwOTg0Mjc0MjI3OTE3ODUy&filename=&opi=89354086
04,Claw Code Explorer Panel,061b2c69bdc349b9898c26e9210d859f,https://lh3.googleusercontent.com/aida/AOfcidU07_r_TV_sgcs61_EzWoeBjNxwX72utltglGhbLzLCwTHZi-7P4rQVUhL9KKBxk-6BB59RAqg602k6GZEiSZLknMLfrzc-kBJYEJEmh81APhMHZ6qQhNfKZHuYry64GS2WWythS-1tKIoYPGNhGGyh0emsHzG6UnUVgMgn71ctYWEwi-y437HTlUHJitNTvbSppmEkahk8QH3lsocSV6azX_lUncQerG0uuww0ib2isLoaXlWKch71lpI,https://contribution.usercontent.google.com/download?c=CgthaWRhX2NvZGVmeBJ7Eh1hcHBfY29tcGFuaW9uX2dlbmVyYXRlZF9maWxlcxpaCiVodG1sX2MyZjhiYzJmY2U2ZDQwYTdhNzM5MWFiMjIwZjdlMzc2EgsSBxDzhtX61AUYAZIBIwoKcHJvamVjdF9pZBIVQhMyMzcwOTg0Mjc0MjI3OTE3ODUy&filename=&opi=89354086
05,Claw Code Explorer Panel,415e6991c8bc4b6dbf0e632ebecc7c9a,https://lh3.googleusercontent.com/aida/AOfcidUhnM81tlEPrFOqcJiDb49Vgw6Wmxdxm2L8w7D4QO5TUj1RqHTrdxWUjZ1Dn7ZEe4sRJUKCihnXChsdVARitW_lRZYIghOK7De5PYUwNFs-sPBBay7urj0WNyyK8_CNaf6C1Iystpi-PGx1fSw7GU4cVHlT3btQI5BBdWdiIr0Sbk1UxH6GHRTXJbLNoGfm46KmW9d58SHkfBrOOzFrsWyQsjjNYT2OFHevNgaRhpA4PvkA9EEt40bHy1A,https://contribution.usercontent.google.com/download?c=CgthaWRhX2NvZGVmeBJ7Eh1hcHBfY29tcGFuaW9uX2dlbmVyYXRlZF9maWxlcxpaCiVodG1sXzgzZTdlZTNhM2UwYTRiNWRiYzFlZDFhOTMyYTIxNjBlEgsSBxDzhtX61AUYAZIBIwoKcHJvamVjdF9pZBIVQhMyMzcwOTg0Mjc0MjI3OTE3ODUy&filename=&opi=89354086
06,Claw Code Explorer Panel,ad1c25d6ebb849a3a1cc0e109a004335,https://lh3.googleusercontent.com/aida/AOfcidW-JxUKYTMpjFYh9O3FmsaQGLo0Ma7p6ADWJ2DCHHtYFYr7JUP6WXkYtjF6fBC6KL-hWG3OdYZFFqxDY7awlTN_Vj4BOOM7Ko8p1J-9o2CMqusLQ1v06J3N5Nr5GdSPWp1ii3YLZptkZshLBOL8KC5l88mOYYOvJJt3qRl1tnv2kJ34U5I7N6dmdJlcob9L2cRI5lSFNv0TRK134ymNfS4pNXzaiSEfaW9TIKPa8s5-V2CjSvZ2Yq3Sh9M,https://contribution.usercontent.google.com/download?c=CgthaWRhX2NvZGVmeBJ7Eh1hcHBfY29tcGFuaW9uX2dlbmVyYXRlZF9maWxlcxpaCiVodG1sXzE0MGMwMzM1ZjQ5OTRjMGE4ZGQ4ZDljZDdjNjI1ZDI5EgsSBxDzhtX61AUYAZIBIwoKcHJvamVjdF9pZBIVQhMyMzcwOTg0Mjc0MjI3OTE3ODUy&filename=&opi=89354086
07,Settings and Usage,c9ec2786c40f4842b6f4eb8af0e857fd,https://lh3.googleusercontent.com/aida/AOfcidW0oXUnq3P20bFetPKtwMxDEe42L0_V-93DBiTk87BEiIuNAUC1aytZ7HvsHCSs5Fvb0ZviTi_LeShUusWpDk-1gcbJu156-0ZAdCf3j_hp-RocrliquAZgUG8ymKxQ7E5ir2Oc1UYLtWSD_L9Xn7KJICi4VNm0Et7kcivG4EeX7eyIAK_2lZY7T2Ojq3Ij_M9zSlUokGpp1Tbxj68sMcbw0Mm6IV2m5JFN1XQN3NnGMpGWOyXGBv2Mdy4,https://contribution.usercontent.google.com/download?c=CgthaWRhX2NvZGVmeBJ7Eh1hcHBfY29tcGFuaW9uX2dlbmVyYXRlZF9maWxlcxpaCiVodG1sX2JjN2FhZDU2ZmM2NDQ2YTE4MDM5NWZhNDQzODhjYTcyEgsSBxDzhtX61AUYAZIBIwoKcHJvamVjdF9pZBIVQhMyMzcwOTg0Mjc0MjI3OTE3ODUy&filename=&opi=89354086
08,Claw Code Explorer Panel,34b28625217f44ee8c05acb8bccb0b06,https://lh3.googleusercontent.com/aida/AOfcidW60aA6KfGJg7l2EP3JXrZL_-3VUFTneslYgf3O-rpgGbUXl8mnXPPkKMHPjnecXCZqwTtOva9eHwqjVJRzFej6qPOwsjumyzKrZsz-gY4hBRLEqyHszhTEHtiLo0uUBva0M_Nq3IlkEOJvrTNZDn_xnIsWIfloMD5PNLQzmA0yz2HgPCDIxbpOn5iKt5ANQlgOwf_a9nxe2FHYpnvh-dofSrQjLdlKtZ8JpImWqO3FW1ZiZIFeKlDUA7c,https://contribution.usercontent.google.com/download?c=CgthaWRhX2NvZGVmeBJ7Eh1hcHBfY29tcGFuaW9uX2dlbmVyYXRlZF9maWxlcxpaCiVodG1sX2RlNGZkZjAyMTk2NjQ4ZDQ5MWRmMGJjNzVhYTUwYmMwEgsSBxDzhtX61AUYAZIBIwoKcHJvamVjdF9pZBIVQhMyMzcwOTg0Mjc0MjI3OTE3ODUy&filename=&opi=89354086
09,Claw Code Explorer Panel,5dbf5f121b504697ad23687249b28fd6,https://lh3.googleusercontent.com/aida/AOfcidW_-S1S2BrCHDJLTUPcJUbcfP2MP1Rb1ANk-3NSETemBBn6AKZtPInllN8QPKcmlfenShV_WFRoU0XfD50Lthi8OyM0iczl2slFGeuiPQ76laGND3PGN6UIsJvDuVHfp-GpaeAQJvm9UVLak3gruBDu1VQz9AHD0td1xM2iU82h0YRkQO5IFCvX5WG_8ftS08B2rEmbv2OOAWTbwiuU7sl3t-2sgCl1AbecuAskGX8BkhEdRkBc5J3_bA,https://contribution.usercontent.google.com/download?c=CgthaWRhX2NvZGVmeBJ7Eh1hcHBfY29tcGFuaW9uX2dlbmVyYXRlZF9maWxlcxpaCiVodG1sX2FhMTMwMTFmYWVjMjQ1M2RhOTEzZWUyOGI1NTdjOGMwEgsSBxDzhtX61AUYAZIBIwoKcHJvamVjdF9pZBIVQhMyMzcwOTg0Mjc0MjI3OTE3ODUy&filename=&opi=89354086
10,Claw Code Explorer Panel,dec9c0b6f3f042e9840caadf4c442dc9,https://lh3.googleusercontent.com/aida/AOfcidW7pvFfApfvU6wZ9eRU7otVr6U7mkUFAvcrDgNtUUkYvX9ciZ_-AdVRV1tl3mNdalwAc8L-7XDfQz7u-GVK2w5GUtg82QpP1_EKfwdYHNU1y52t3Kqihqy4mgzuIub9Ddl7F48tYgLf7oJ7B-Klmqca--LXPxZc1VxadxyBkjCmdypYOHxC2JxeiQPw6VxwGas3zM4Ljk3jOl4CEVjK7sLhjjJ0tmwHnUxNDGsHxSBWNNDZ6RX2RNj9aD8,https://contribution.usercontent.google.com/download?c=CgthaWRhX2NvZGVmeBJ7Eh1hcHBfY29tcGFuaW9uX2dlbmVyYXRlZF9maWxlcxpaCiVodG1sXzQzMWU4OTEyNTJhNDRiYzBiMDc0ZDM0MTNkN2U5YTc4EgsSBxDzhtX61AUYAZIBIwoKcHJvamVjdF9pZBIVQhMyMzcwOTg0Mjc0MjI3OTE3ODUy&filename=&opi=89354086
11,Claw Code Explorer Panel,3c1612dee8fe44269aae7474c00d8422,https://lh3.googleusercontent.com/aida/AOfcidXFcmwHydO1z2gKkOTEejKj6EjP3GMzIS7dxChT5F0tlugnIdAWXz9SprI0BLxwrHdg58YFULP3kcx9wETQ8cYn6p96XAay3SKL6ZEddoyVOWAEa6pYgw7QHcJf7Yfh-CyMHm2GwPXT1MRN2VOHeZBvTwjH0lzWCeYvWMwp2Uy3Pwa9NoU6W2_svdNZLINX90BUTTB55hg0rZD8hhWRdTXUkaQMCX8BdKDLjtlVuCDmoORPPj3RxnUn9pM,https://contribution.usercontent.google.com/download?c=CgthaWRhX2NvZGVmeBJ7Eh1hcHBfY29tcGFuaW9uX2dlbmVyYXRlZF9maWxlcxpaCiVodG1sXzVjNTI3YWJiZjJhNzQ1OTFhMzQyNmNhN2RjNTAxNzg2EgsSBxDzhtX61AUYAZIBIwoKcHJvamVjdF9pZBIVQhMyMzcwOTg0Mjc0MjI3OTE3ODUy&filename=&opi=89354086
12,Claw Code Explorer Panel,7dd35e7de2aa4d46882440841e551e12,https://lh3.googleusercontent.com/aida/AOfcidWRCgP5E_e8trf3eDMcmF2SOwJmttJLtKBvXdIl2x0MLQPETOVyR_EGWiWoSJI2RooccraO2i3KzL4tieu8o4hUEG3I1Z_TjKrQxk_QtOk8cSrpp2yoO4h0ohaucUiaDUNtxRZQgkyNe_4siW-UFChXMgq_Vm2kGDiCtFs9kYOL7RuXmeHTKPEgiYnLWrA2MSjNjXcgDAAHV2GNDPeVF8SVLGGUI9qJttFUAI1Qt7JNCIcSsSrpUbpWrV8,https://contribution.usercontent.google.com/download?c=CgthaWRhX2NvZGVmeBJ7Eh1hcHBfY29tcGFuaW9uX2dlbmVyYXRlZF9maWxlcxpaCiVodG1sX2NlZjllODM2YzA4YjQ2NWViYWIzOWJiYTIxOTQ2MTVkEgsSBxDzhtX61AUYAZIBIwoKcHJvamVjdF9pZBIVQhMyMzcwOTg0Mjc0MjI3OTE3ODUy&filename=&opi=89354086
